Ticker_ID,Asset_ID,Current_Price,Volatility_Index,Timestamp
TKR_005000,AST_01015,455.25,14.84,2026-05-06 02:46:50
TKR_005001,AST_01048,386.24,76.28,2026-04-25 04:46:50
TKR_005002,AST_01010,162.66,24.83,2026-04-16 19:46:50
TKR_005003,AST_01034,231.97,37.93,2026-05-02 06:46:50
TKR_005004,AST_01042,345.09,27.35,2026-04-28 16:46:50
TKR_005005,AST_01004,99.99,25.42,2026-04-15 17:46:50
TKR_005006,AST_01004,98.31,12.2,2026-04-30 07:46:50
TKR_005007,AST_01021,278.95,25.0,2026-04-10 08:46:50
TKR_005008,AST_01008,817.52,27.01,2026-05-01 18:46:50
TKR_005009,AST_01030,445.55,40.17,2026-05-03 03:46:50
TKR_005010,AST_01027,262.8,55.74,2026-04-21 23:46:50
TKR_005011,AST_01041,871.7,70.32,2026-04-08 23:46:50
TKR_005012,AST_01015,431.69,42.38,2026-04-14 14:46:50
TKR_005013,AST_01004,98.63,55.65,2026-04-22 17:46:50
TKR_005014,AST_01034,236.81,69.41,2026-05-01 02:46:50
TKR_005015,AST_01010,169.9,73.17,2026-04-21 06:46:50
TKR_005016,AST_01010,160.07,64.88,2026-04-17 12:46:50
TKR_005017,AST_01029,691.52,48.9,2026-04-17 23:46:50
TKR_005018,AST_01045,742.76,14.09,2026-04-23 09:46:50
TKR_005019,AST_01047,489.89,50.89,2026-04-22 10:46:50
TKR_005020,AST_01032,258.14,45.55,2026-05-07 05:46:50
TKR_005021,AST_01011,105.5,38.26,2026-04-10 21:46:50
TKR_005022,AST_01036,163.24,39.35,2026-04-15 01:46:50
TKR_005023,AST_01037,415.28,60.13,2026-04-26 08:46:50
TKR_005024,AST_01015,554.14,75.03,2026-04-16 21:46:50
TKR_005025,AST_01004,107.86,15.13,2026-04-08 18:46:50
TKR_005026,AST_01013,839.87,71.55,2026-04-24 11:46:50
TKR_005027,AST_01023,255.18,79.11,2026-04-17 17:46:50
TKR_005028,AST_01041,868.17,56.44,2026-04-21 17:46:50
TKR_005029,AST_01008,831.01,20.88,2026-04-13 03:46:50
TKR_005030,AST_01018,831.37,54.4,2026-04-27 10:46:50
TKR_005031,AST_01016,557.87,39.65,2026-04-24 01:46:50
TKR_005032,AST_01017,640.11,78.59,2026-04-07 00:46:50
TKR_005033,AST_01010,162.73,10.68,2026-05-01 22:46:50
TKR_005034,AST_01004,103.23,68.42,2026-05-08 04:46:50
TKR_005035,AST_01037,408.33,35.53,2026-04-22 04:46:50
TKR_005036,AST_01002,724.64,17.2,2026-05-06 21:46:50
TKR_005037,AST_01049,999.16,62.46,2026-04-25 13:46:50
TKR_005038,AST_01015,530.07,61.56,2026-05-05 05:46:50
TKR_005039,AST_01021,284.3,66.75,2026-05-03 21:46:50
TKR_005040,AST_01017,656.84,12.71,2026-04-13 03:46:50
TKR_005041,AST_01030,457.28,67.44,2026-04-15 14:46:50
TKR_005042,AST_01014,132.22,29.5,2026-04-12 06:46:50
TKR_005043,AST_01004,104.21,37.98,2026-05-08 11:46:50
TKR_005044,AST_01034,235.69,28.29,2026-04-18 03:46:50
TKR_005045,AST_01037,411.18,40.42,2026-05-08 01:46:50
TKR_005046,AST_01046,914.03,18.1,2026-05-03 19:46:50
TKR_005047,AST_01036,160.28,46.39,2026-04-14 22:46:50
TKR_005048,AST_01034,232.51,23.79,2026-04-29 23:46:50
TKR_005049,AST_01027,278.45,56.44,2026-04-10 10:46:50
TKR_005050,AST_01007,226.15,38.17,2026-05-01 16:46:50
TKR_005051,AST_01018,870.89,36.54,2026-04-22 13:46:50
TKR_005052,AST_01047,502.39,48.36,2026-05-06 18:46:50
TKR_005053,AST_01000,121.5,32.56,2026-04-17 13:46:50
TKR_005054,AST_01028,875.25,73.08,2026-04-22 16:46:50
TKR_005055,AST_01047,513.38,54.31,2026-04-13 09:46:50
TKR_005056,AST_01021,267.04,31.73,2026-04-11 00:46:50
TKR_005057,AST_01012,890.11,52.79,2026-04-09 07:46:50
TKR_005058,AST_01049,961.18,60.28,2026-04-10 20:46:50
TKR_005059,AST_01024,281.58,10.39,2026-04-23 04:46:50
TKR_005060,AST_01048,390.75,25.32,2026-05-05 03:46:50
TKR_005061,AST_01044,855.09,69.38,2026-04-24 17:46:50
TKR_005062,AST_01029,660.93,49.12,2026-04-12 21:46:50
TKR_005063,AST_01020,384.74,45.33,2026-05-08 14:46:50
TKR_005064,AST_01035,516.6,41.5,2026-04-22 23:46:50
TKR_005065,AST_01048,390.28,46.49,2026-04-15 08:46:50
TKR_005066,AST_01040,698.08,26.41,2026-04-15 02:46:50
TKR_005067,AST_01021,264.39,26.19,2026-04-18 02:46:50
TKR_005068,AST_01044,869.62,33.16,2026-04-12 02:46:50
TKR_005069,AST_01029,651.6,63.89,2026-04-18 13:46:50
TKR_005070,AST_01044,883.73,43.39,2026-04-09 00:46:50
TKR_005071,AST_01022,641.07,61.42,2026-04-17 13:46:50
TKR_005072,AST_01038,387.24,37.22,2026-05-06 07:46:50
TKR_005073,AST_01042,335.15,42.72,2026-04-29 23:46:50
TKR_005074,AST_01008,818.8,56.41,2026-04-27 12:46:50
TKR_005075,AST_01005,586.71,28.21,2026-04-28 14:46:50
TKR_005076,AST_01020,371.93,62.64,2026-04-14 10:46:50
TKR_005077,AST_01026,784.0,47.76,2026-04-16 15:46:50
TKR_005078,AST_01022,667.83,12.82,2026-04-16 00:46:50
TKR_005079,AST_01001,224.94,43.15,2026-05-08 00:46:50
TKR_005080,AST_01007,234.33,21.75,2026-04-26 14:46:50
TKR_005081,AST_01038,374.76,31.77,2026-05-08 03:46:50
TKR_005082,AST_01037,435.53,77.07,2026-04-08 18:46:50
TKR_005083,AST_01025,694.1,68.14,2026-05-08 02:46:50
TKR_005084,AST_01015,562.11,18.47,2026-04-11 09:46:50
TKR_005085,AST_01036,160.15,35.94,2026-04-30 17:46:50
TKR_005086,AST_01032,278.82,17.39,2026-04-28 13:46:50
TKR_005087,AST_01023,250.73,61.37,2026-04-28 14:46:50
TKR_005088,AST_01041,910.27,42.54,2026-04-16 17:46:50
TKR_005089,AST_01046,900.64,16.07,2026-04-26 07:46:50
TKR_005090,AST_01028,887.28,36.53,2026-04-15 18:46:50
TKR_005091,AST_01001,227.63,28.08,2026-04-23 05:46:50
TKR_005092,AST_01017,668.36,46.16,2026-05-06 08:46:50
TKR_005093,AST_01012,848.05,63.07,2026-04-10 13:46:50
TKR_005094,AST_01044,872.54,11.21,2026-04-23 15:46:50
TKR_005095,AST_01018,840.16,50.71,2026-04-15 07:46:50
TKR_005096,AST_01030,487.32,48.53,2026-04-25 13:46:50
TKR_005097,AST_01022,622.75,18.45,2026-04-30 09:46:50
TKR_005098,AST_01012,887.3,58.31,2026-04-15 17:46:50
TKR_005099,AST_01012,868.09,78.36,2026-04-14 08:46:50
TKR_005100,AST_01033,928.74,30.74,2026-04-27 03:46:50
TKR_005101,AST_01023,246.66,78.2,2026-04-13 22:46:50
TKR_005102,AST_01035,505.45,62.7,2026-04-17 04:46:50
TKR_005103,AST_01006,716.66,40.83,2026-05-02 09:46:50
TKR_005104,AST_01011,97.89,14.57,2026-05-05 15:46:50
TKR_005105,AST_01031,195.93,49.4,2026-04-10 21:46:50
TKR_005106,AST_01019,282.8,51.73,2026-04-10 03:46:50
TKR_005107,AST_01039,257.62,40.99,2026-04-15 12:46:50
TKR_005108,AST_01037,409.12,77.21,2026-04-21 19:46:50
TKR_005109,AST_01006,698.09,56.23,2026-05-08 20:46:50
TKR_005110,AST_01010,158.29,38.6,2026-04-15 02:46:50
TKR_005111,AST_01044,853.54,59.49,2026-04-27 01:46:50
TKR_005112,AST_01044,853.71,28.52,2026-05-05 21:46:50
TKR_005113,AST_01040,678.36,48.12,2026-04-26 06:46:50
TKR_005114,AST_01041,847.97,21.61,2026-04-12 04:46:50
TKR_005115,AST_01019,283.45,42.81,2026-04-27 18:46:50
TKR_005116,AST_01019,285.01,15.63,2026-04-30 08:46:50
TKR_005117,AST_01002,750.97,11.81,2026-05-06 10:46:50
TKR_005118,AST_01014,134.74,11.45,2026-05-08 18:46:50
TKR_005119,AST_01048,362.69,62.94,2026-04-29 18:46:50
TKR_005120,AST_01030,449.47,50.97,2026-04-24 08:46:50
TKR_005121,AST_01040,681.43,38.58,2026-05-04 02:46:50
TKR_005122,AST_01020,383.77,30.18,2026-04-26 05:46:50
TKR_005123,AST_01025,684.66,32.02,2026-05-04 01:46:50
TKR_005124,AST_01020,388.71,10.08,2026-04-11 12:46:50
TKR_005125,AST_01034,227.55,53.58,2026-04-22 06:46:50
TKR_005126,AST_01031,255.41,74.94,2026-04-28 01:46:50
TKR_005127,AST_01028,836.25,54.1,2026-05-06 03:46:50
TKR_005128,AST_01015,449.18,25.73,2026-04-30 17:46:50
TKR_005129,AST_01007,228.2,60.16,2026-04-22 20:46:50
TKR_005130,AST_01032,283.08,27.06,2026-04-30 15:46:50
TKR_005131,AST_01035,498.99,71.55,2026-04-12 19:46:50
TKR_005132,AST_01004,101.11,65.14,2026-04-16 13:46:50
TKR_005133,AST_01017,651.26,51.09,2026-05-01 23:46:50
TKR_005134,AST_01042,348.11,34.16,2026-04-23 14:46:50
TKR_005135,AST_01035,520.16,70.87,2026-05-02 14:46:50
TKR_005136,AST_01044,908.32,38.75,2026-04-15 07:46:50
TKR_005137,AST_01020,382.64,67.45,2026-05-01 12:46:50
TKR_005138,AST_01009,701.32,51.31,2026-04-23 04:46:50
TKR_005139,AST_01006,720.73,41.98,2026-05-05 03:46:50
TKR_005140,AST_01046,912.78,15.24,2026-04-12 20:46:50
TKR_005141,AST_01016,590.29,69.62,2026-04-18 12:46:50
TKR_005142,AST_01043,168.69,72.12,2026-05-05 10:46:50
TKR_005143,AST_01031,213.08,74.47,2026-05-05 19:46:50
TKR_005144,AST_01014,137.06,59.27,2026-04-28 03:46:50
TKR_005145,AST_01006,747.86,13.22,2026-04-22 09:46:50
TKR_005146,AST_01003,490.16,49.61,2026-04-17 13:46:50
TKR_005147,AST_01011,105.6,53.38,2026-04-13 19:46:50
TKR_005148,AST_01015,564.19,42.17,2026-04-23 04:46:50
TKR_005149,AST_01042,360.68,57.43,2026-04-08 14:46:50
TKR_005150,AST_01010,171.91,30.94,2026-04-10 11:46:50
TKR_005151,AST_01027,266.79,36.93,2026-04-30 09:46:50
TKR_005152,AST_01030,457.71,30.71,2026-04-11 18:46:50
TKR_005153,AST_01044,867.95,10.57,2026-04-14 21:46:50
TKR_005154,AST_01043,173.42,62.16,2026-05-02 01:46:50
TKR_005155,AST_01018,882.63,25.33,2026-05-02 19:46:50
TKR_005156,AST_01012,867.78,56.14,2026-04-28 00:46:50
TKR_005157,AST_01008,823.21,31.63,2026-04-25 20:46:50
TKR_005158,AST_01028,845.25,73.67,2026-04-09 23:46:50
TKR_005159,AST_01020,310.79,78.0,2026-05-01 06:46:50
TKR_005160,AST_01033,877.0,67.73,2026-04-24 05:46:50
TKR_005161,AST_01030,481.46,66.3,2026-05-08 23:46:50
TKR_005162,AST_01029,689.62,70.21,2026-05-06 00:46:50
TKR_005163,AST_01046,860.11,65.35,2026-04-29 17:46:50
TKR_005164,AST_01000,123.21,28.35,2026-04-16 14:46:50
TKR_005165,AST_01024,266.39,26.37,2026-05-04 11:46:50
TKR_005166,AST_01001,233.52,55.34,2026-04-27 17:46:50
TKR_005167,AST_01040,669.96,38.58,2026-05-04 22:46:50
TKR_005168,AST_01008,851.58,18.13,2026-04-09 09:46:50
TKR_005169,AST_01015,566.01,62.02,2026-05-06 12:46:50
TKR_005170,AST_01034,219.28,39.04,2026-04-21 23:46:50
TKR_005171,AST_01006,750.42,29.58,2026-05-04 13:46:50
TKR_005172,AST_01044,916.61,69.88,2026-04-19 14:46:50
TKR_005173,AST_01006,708.7,37.87,2026-04-29 20:46:50
TKR_005174,AST_01012,814.35,24.85,2026-05-05 14:46:50
TKR_005175,AST_01040,703.08,27.05,2026-04-27 01:46:50
TKR_005176,AST_01008,838.1,48.79,2026-05-03 02:46:50
TKR_005177,AST_01037,420.6,20.33,2026-04-14 07:46:50
TKR_005178,AST_01038,389.36,65.9,2026-04-08 04:46:50
TKR_005179,AST_01007,196.42,26.66,2026-04-29 04:46:50
TKR_005180,AST_01020,304.55,17.96,2026-04-08 01:46:50
TKR_005181,AST_01004,102.9,17.63,2026-04-23 11:46:50
TKR_005182,AST_01032,276.25,73.61,2026-04-15 01:46:50
TKR_005183,AST_01042,362.86,14.26,2026-04-24 20:46:50
TKR_005184,AST_01030,446.06,59.87,2026-05-05 21:46:50
TKR_005185,AST_01028,887.1,14.6,2026-04-10 10:46:50
TKR_005186,AST_01017,678.75,36.66,2026-04-27 17:46:50
TKR_005187,AST_01038,372.26,59.12,2026-04-24 16:46:50
TKR_005188,AST_01041,905.51,25.05,2026-04-28 17:46:50
TKR_005189,AST_01028,906.33,37.91,2026-05-06 10:46:50
TKR_005190,AST_01046,886.2,36.2,2026-04-11 10:46:50
TKR_005191,AST_01009,672.5,15.98,2026-04-29 02:46:50
TKR_005192,AST_01027,283.64,48.95,2026-04-11 11:46:50
TKR_005193,AST_01037,435.22,38.76,2026-05-08 10:46:50
TKR_005194,AST_01042,331.22,30.13,2026-05-08 23:46:50
TKR_005195,AST_01019,289.66,25.7,2026-04-16 16:46:50
TKR_005196,AST_01006,691.18,29.5,2026-04-19 11:46:50
TKR_005197,AST_01014,139.92,67.29,2026-05-03 17:46:50
TKR_005198,AST_01039,261.72,56.05,2026-04-29 00:46:50
TKR_005199,AST_01044,894.87,31.63,2026-04-13 08:46:50
TKR_005200,AST_01021,276.13,38.05,2026-04-16 04:46:50
TKR_005201,AST_01009,672.54,47.13,2026-05-01 00:46:50
TKR_005202,AST_01024,273.65,60.51,2026-04-21 05:46:50
TKR_005203,AST_01049,990.53,20.89,2026-05-08 02:46:50
TKR_005204,AST_01048,371.51,56.34,2026-04-24 02:46:50
TKR_005205,AST_01031,254.47,34.16,2026-04-27 08:46:50
TKR_005206,AST_01007,232.05,13.18,2026-04-17 18:46:50
TKR_005207,AST_01025,674.11,24.79,2026-04-24 06:46:50
TKR_005208,AST_01008,780.51,44.82,2026-05-02 10:46:50
TKR_005209,AST_01027,280.66,45.02,2026-04-10 17:46:50
TKR_005210,AST_01042,359.31,12.96,2026-05-03 12:46:50
TKR_005211,AST_01001,232.68,59.66,2026-04-22 10:46:50
TKR_005212,AST_01026,861.98,22.03,2026-04-14 00:46:50
TKR_005213,AST_01039,248.24,69.11,2026-04-22 11:46:50
TKR_005214,AST_01015,485.21,62.21,2026-04-21 16:46:50
TKR_005215,AST_01014,133.72,17.98,2026-04-18 02:46:50
TKR_005216,AST_01032,266.09,77.08,2026-04-14 11:46:50
TKR_005217,AST_01041,854.62,23.81,2026-05-01 03:46:50
TKR_005218,AST_01038,342.5,53.96,2026-04-12 20:46:50
TKR_005219,AST_01029,655.51,74.69,2026-05-02 18:46:50
TKR_005220,AST_01036,158.46,77.97,2026-04-28 19:46:50
TKR_005221,AST_01020,369.06,29.23,2026-04-12 15:46:50
TKR_005222,AST_01003,567.1,35.81,2026-04-19 09:46:50
TKR_005223,AST_01018,866.61,45.49,2026-04-10 02:46:50
TKR_005224,AST_01029,684.96,41.48,2026-04-26 23:46:50
TKR_005225,AST_01036,160.92,20.56,2026-04-28 19:46:50
TKR_005226,AST_01003,569.87,55.23,2026-04-19 10:46:50
TKR_005227,AST_01002,745.05,52.69,2026-04-15 14:46:50
TKR_005228,AST_01023,248.28,51.85,2026-04-19 12:46:50
TKR_005229,AST_01040,655.77,57.49,2026-04-28 10:46:50
TKR_005230,AST_01018,896.55,52.19,2026-04-16 21:46:50
TKR_005231,AST_01009,676.02,34.49,2026-04-15 21:46:50
TKR_005232,AST_01041,894.36,75.66,2026-04-30 04:46:50
TKR_005233,AST_01019,290.04,68.03,2026-04-25 10:46:50
TKR_005234,AST_01047,520.08,39.64,2026-04-29 02:46:50
TKR_005235,AST_01023,248.37,63.63,2026-04-08 05:46:50
TKR_005236,AST_01012,813.12,69.11,2026-04-15 04:46:50
TKR_005237,AST_01006,746.44,12.64,2026-04-24 23:46:50
TKR_005238,AST_01021,276.98,20.8,2026-05-06 04:46:50
TKR_005239,AST_01011,104.97,21.59,2026-05-04 19:46:50
TKR_005240,AST_01028,896.87,77.87,2026-04-09 21:46:50
TKR_005241,AST_01039,252.01,26.74,2026-04-17 14:46:50
TKR_005242,AST_01030,472.54,49.93,2026-05-06 11:46:50
TKR_005243,AST_01028,867.23,46.92,2026-04-23 00:46:50
TKR_005244,AST_01010,157.99,27.5,2026-05-04 19:46:50
TKR_005245,AST_01041,924.42,59.8,2026-04-23 17:46:50
TKR_005246,AST_01033,922.49,29.1,2026-05-02 02:46:50
TKR_005247,AST_01032,282.17,25.54,2026-04-12 02:46:50
TKR_005248,AST_01028,870.13,37.75,2026-05-06 00:46:50
TKR_005249,AST_01023,240.45,75.16,2026-04-15 02:46:50
TKR_005250,AST_01045,736.64,30.08,2026-04-28 04:46:50
TKR_005251,AST_01030,473.8,41.4,2026-05-01 00:46:50
TKR_005252,AST_01000,116.01,75.82,2026-05-03 08:46:50
TKR_005253,AST_01038,380.09,13.34,2026-04-25 00:46:50
TKR_005254,AST_01026,787.57,68.57,2026-04-28 14:46:50
TKR_005255,AST_01031,247.6,20.05,2026-04-27 20:46:50
TKR_005256,AST_01027,277.0,23.11,2026-04-08 07:46:50
TKR_005257,AST_01042,331.78,46.82,2026-04-10 11:46:50
TKR_005258,AST_01032,257.15,71.13,2026-05-03 17:46:50
TKR_005259,AST_01002,724.95,11.14,2026-04-28 11:46:50
TKR_005260,AST_01004,104.08,64.01,2026-04-19 21:46:50
TKR_005261,AST_01047,505.02,33.7,2026-05-02 01:46:50
TKR_005262,AST_01041,882.81,58.68,2026-04-13 21:46:50
TKR_005263,AST_01040,698.25,76.05,2026-04-13 02:46:50
TKR_005264,AST_01002,771.93,32.09,2026-04-17 06:46:50
TKR_005265,AST_01019,271.97,55.28,2026-04-24 17:46:50
TKR_005266,AST_01018,888.1,33.23,2026-04-19 01:46:50
TKR_005267,AST_01007,237.25,37.07,2026-05-03 12:46:50
TKR_005268,AST_01011,106.14,46.35,2026-04-23 11:46:50
TKR_005269,AST_01005,612.21,67.56,2026-05-01 13:46:50
TKR_005270,AST_01034,223.22,30.69,2026-04-17 02:46:50
TKR_005271,AST_01028,894.25,34.61,2026-04-27 05:46:50
TKR_005272,AST_01002,751.8,40.45,2026-05-01 11:46:50
TKR_005273,AST_01040,695.18,38.43,2026-05-03 02:46:50
TKR_005274,AST_01032,282.34,19.99,2026-05-03 05:46:50
TKR_005275,AST_01038,303.66,55.16,2026-04-29 01:46:50
TKR_005276,AST_01023,256.88,76.42,2026-04-20 01:46:50
TKR_005277,AST_01023,202.23,32.01,2026-04-22 18:46:50
TKR_005278,AST_01017,680.31,44.93,2026-04-15 00:46:50
TKR_005279,AST_01024,284.87,59.28,2026-05-07 08:46:50
TKR_005280,AST_01013,784.8,19.5,2026-04-27 15:46:50
TKR_005281,AST_01004,102.2,16.15,2026-04-22 22:46:50
TKR_005282,AST_01043,169.38,59.67,2026-05-08 10:46:50
TKR_005283,AST_01035,516.1,59.83,2026-04-25 09:46:50
TKR_005284,AST_01044,877.86,18.5,2026-04-28 11:46:50
TKR_005285,AST_01012,808.8,48.78,2026-04-30 15:46:50
TKR_005286,AST_01023,220.51,14.6,2026-04-22 17:46:50
TKR_005287,AST_01025,681.63,38.66,2026-04-30 16:46:50
TKR_005288,AST_01036,163.61,41.5,2026-04-07 10:46:50
TKR_005289,AST_01043,167.43,51.15,2026-04-25 00:46:50
TKR_005290,AST_01049,993.14,13.88,2026-05-05 16:46:50
TKR_005291,AST_01007,201.05,25.78,2026-04-24 05:46:50
TKR_005292,AST_01033,876.42,54.45,2026-05-06 02:46:50
TKR_005293,AST_01035,504.29,16.54,2026-04-13 09:46:50
TKR_005294,AST_01041,855.3,56.11,2026-04-13 18:46:50
TKR_005295,AST_01046,831.81,70.46,2026-05-06 18:46:50
TKR_005296,AST_01005,610.65,55.58,2026-04-10 00:46:50
TKR_005297,AST_01049,909.15,72.23,2026-04-26 20:46:50
TKR_005298,AST_01034,226.74,66.33,2026-04-17 09:46:50
TKR_005299,AST_01043,169.72,21.07,2026-04-20 02:46:50
TKR_005300,AST_01026,832.36,31.88,2026-04-23 10:46:50
TKR_005301,AST_01045,800.67,19.15,2026-04-18 11:46:50
TKR_005302,AST_01023,242.83,41.47,2026-04-24 10:46:50
TKR_005303,AST_01009,726.69,39.27,2026-04-08 12:46:50
TKR_005304,AST_01010,167.54,23.29,2026-05-04 18:46:50
TKR_005305,AST_01010,163.9,31.6,2026-04-23 14:46:50
TKR_005306,AST_01001,224.99,50.83,2026-04-10 16:46:50
TKR_005307,AST_01003,603.76,42.94,2026-04-09 19:46:50
TKR_005308,AST_01034,218.82,28.51,2026-04-08 13:46:50
TKR_005309,AST_01023,254.13,23.63,2026-05-02 01:46:50
TKR_005310,AST_01035,496.1,48.49,2026-04-14 16:46:50
TKR_005311,AST_01039,271.2,37.57,2026-04-29 04:46:50
TKR_005312,AST_01021,264.55,52.17,2026-04-26 00:46:50
TKR_005313,AST_01025,662.81,33.31,2026-04-21 01:46:50
TKR_005314,AST_01030,482.51,19.78,2026-04-24 19:46:50
TKR_005315,AST_01039,265.1,30.95,2026-04-18 19:46:50
TKR_005316,AST_01021,274.03,49.4,2026-04-24 17:46:50
TKR_005317,AST_01030,472.33,78.59,2026-05-01 10:46:50
TKR_005318,AST_01037,443.86,54.05,2026-04-17 23:46:50
TKR_005319,AST_01038,398.51,50.43,2026-04-23 20:46:50
TKR_005320,AST_01046,873.92,60.48,2026-04-09 05:46:50
TKR_005321,AST_01049,929.37,50.08,2026-05-04 21:46:50
TKR_005322,AST_01044,860.75,20.6,2026-04-11 14:46:50
TKR_005323,AST_01044,886.87,43.01,2026-04-15 00:46:50
TKR_005324,AST_01047,513.55,49.26,2026-04-28 04:46:50
TKR_005325,AST_01042,362.61,42.18,2026-04-23 10:46:50
TKR_005326,AST_01034,233.31,60.46,2026-04-18 21:46:50
TKR_005327,AST_01041,884.54,77.01,2026-05-03 19:46:50
TKR_005328,AST_01017,682.67,59.34,2026-04-25 09:46:50
TKR_005329,AST_01044,863.83,75.36,2026-04-30 15:46:50
TKR_005330,AST_01046,887.21,36.58,2026-04-16 18:46:50
TKR_005331,AST_01025,708.72,30.33,2026-05-05 00:46:50
TKR_005332,AST_01018,893.09,55.92,2026-05-08 11:46:50
TKR_005333,AST_01047,500.86,49.34,2026-04-23 17:46:50
TKR_005334,AST_01017,670.42,26.97,2026-04-09 23:46:50
TKR_005335,AST_01042,337.51,17.01,2026-05-06 20:46:50
TKR_005336,AST_01021,281.74,10.36,2026-04-30 21:46:50
TKR_005337,AST_01035,520.27,71.49,2026-05-07 20:46:50
TKR_005338,AST_01030,455.96,55.21,2026-04-28 09:46:50
TKR_005339,AST_01049,957.31,60.62,2026-04-10 07:46:50
TKR_005340,AST_01002,771.67,22.31,2026-05-07 13:46:50
TKR_005341,AST_01002,719.94,62.43,2026-05-04 15:46:50
TKR_005342,AST_01018,862.58,17.51,2026-05-03 09:46:50
TKR_005343,AST_01021,275.5,44.57,2026-04-17 20:46:50
TKR_005344,AST_01008,786.42,17.89,2026-05-05 08:46:50
TKR_005345,AST_01010,167.5,10.99,2026-05-01 08:46:50
TKR_005346,AST_01021,281.37,22.28,2026-05-03 21:46:50
TKR_005347,AST_01040,684.52,16.07,2026-05-06 13:46:50
TKR_005348,AST_01042,345.99,75.51,2026-04-11 04:46:50
TKR_005349,AST_01000,125.68,31.14,2026-04-16 14:46:50
TKR_005350,AST_01046,859.57,26.54,2026-04-23 20:46:50
TKR_005351,AST_01042,343.49,45.18,2026-04-11 05:46:50
TKR_005352,AST_01045,774.94,75.84,2026-05-02 03:46:50
TKR_005353,AST_01023,251.22,79.22,2026-04-27 04:46:50
TKR_005354,AST_01023,259.98,67.79,2026-04-21 15:46:50
TKR_005355,AST_01048,394.36,15.73,2026-04-15 19:46:50
TKR_005356,AST_01028,914.22,17.85,2026-04-24 02:46:50
TKR_005357,AST_01035,500.41,21.52,2026-05-06 18:46:50
TKR_005358,AST_01033,918.34,44.22,2026-04-19 06:46:50
TKR_005359,AST_01032,260.17,39.08,2026-04-22 14:46:50
TKR_005360,AST_01036,166.26,60.63,2026-04-09 21:46:50
TKR_005361,AST_01025,668.37,15.11,2026-04-16 23:46:50
TKR_005362,AST_01027,288.65,75.42,2026-04-19 17:46:50
TKR_005363,AST_01004,101.82,63.83,2026-05-07 09:46:50
TKR_005364,AST_01049,998.2,36.21,2026-04-28 20:46:50
TKR_005365,AST_01024,273.8,57.79,2026-04-22 12:46:50
TKR_005366,AST_01042,359.26,18.3,2026-05-05 20:46:50
TKR_005367,AST_01034,238.0,68.44,2026-04-20 23:46:50
TKR_005368,AST_01048,386.77,48.11,2026-04-08 14:46:50
TKR_005369,AST_01034,226.24,20.86,2026-04-20 07:46:50
TKR_005370,AST_01012,816.15,66.66,2026-05-08 00:46:50
TKR_005371,AST_01026,802.22,14.71,2026-04-27 00:46:50
TKR_005372,AST_01038,370.3,61.84,2026-04-09 21:46:50
TKR_005373,AST_01025,705.27,64.32,2026-04-22 06:46:50
TKR_005374,AST_01008,836.96,61.21,2026-04-24 07:46:50
TKR_005375,AST_01020,366.57,71.34,2026-04-26 21:46:50
TKR_005376,AST_01042,338.97,48.97,2026-04-24 09:46:50
TKR_005377,AST_01037,433.33,39.9,2026-05-06 05:46:50
TKR_005378,AST_01031,261.42,32.31,2026-04-09 20:46:50
TKR_005379,AST_01026,797.54,47.65,2026-04-18 12:46:50
TKR_005380,AST_01015,453.47,14.03,2026-05-05 22:46:50
TKR_005381,AST_01026,793.44,27.0,2026-05-08 16:46:50
TKR_005382,AST_01013,837.15,16.47,2026-04-18 14:46:50
TKR_005383,AST_01046,861.1,52.35,2026-05-04 08:46:50
TKR_005384,AST_01002,749.77,57.0,2026-05-03 00:46:50
TKR_005385,AST_01013,793.14,73.63,2026-04-23 10:46:50
TKR_005386,AST_01013,778.1,79.97,2026-05-07 23:46:50
TKR_005387,AST_01030,473.72,37.76,2026-05-07 19:46:50
TKR_005388,AST_01015,558.39,35.15,2026-04-25 09:46:50
TKR_005389,AST_01016,579.6,66.2,2026-04-19 15:46:50
TKR_005390,AST_01046,907.93,35.95,2026-04-23 10:46:50
TKR_005391,AST_01026,843.45,11.14,2026-04-09 07:46:50
TKR_005392,AST_01035,494.47,20.67,2026-05-07 23:46:50
TKR_005393,AST_01021,274.29,55.82,2026-04-15 07:46:50
TKR_005394,AST_01043,174.35,54.92,2026-04-18 15:46:50
TKR_005395,AST_01031,216.25,44.18,2026-04-22 11:46:50
TKR_005396,AST_01034,216.54,69.27,2026-04-28 16:46:50
TKR_005397,AST_01042,334.2,54.15,2026-04-09 13:46:50
TKR_005398,AST_01004,102.82,36.12,2026-04-30 06:46:50
TKR_005399,AST_01039,269.59,56.15,2026-04-28 19:46:50
TKR_005400,AST_01001,190.35,29.23,2026-04-08 13:46:50
TKR_005401,AST_01018,871.67,66.43,2026-04-08 22:46:50
TKR_005402,AST_01011,98.25,23.44,2026-04-11 16:46:50
TKR_005403,AST_01033,925.35,15.53,2026-04-16 08:46:50
TKR_005404,AST_01025,668.92,57.88,2026-04-22 22:46:50
TKR_005405,AST_01005,621.73,16.55,2026-04-28 20:46:50
TKR_005406,AST_01024,281.04,59.2,2026-04-20 01:46:50
TKR_005407,AST_01005,623.23,49.61,2026-04-23 20:46:50
TKR_005408,AST_01006,699.43,73.09,2026-05-06 01:46:50
TKR_005409,AST_01044,837.32,15.2,2026-05-06 08:46:50
TKR_005410,AST_01017,633.6,75.01,2026-05-06 21:46:50
TKR_005411,AST_01020,325.62,67.46,2026-04-08 18:46:50
TKR_005412,AST_01004,103.45,69.46,2026-04-17 07:46:50
TKR_005413,AST_01043,170.84,19.8,2026-05-06 12:46:50
TKR_005414,AST_01044,918.69,13.76,2026-04-28 23:46:50
TKR_005415,AST_01027,277.95,52.97,2026-04-15 10:46:50
TKR_005416,AST_01038,305.69,79.48,2026-04-20 10:46:50
TKR_005417,AST_01031,258.73,56.25,2026-04-15 12:46:50
TKR_005418,AST_01005,618.91,15.74,2026-05-02 07:46:50
TKR_005419,AST_01009,676.92,37.27,2026-04-20 20:46:50
TKR_005420,AST_01023,258.96,17.16,2026-04-08 09:46:50
TKR_005421,AST_01005,609.32,38.56,2026-04-13 17:46:50
TKR_005422,AST_01001,237.55,70.46,2026-04-10 02:46:50
TKR_005423,AST_01000,105.33,73.36,2026-04-18 00:46:50
TKR_005424,AST_01015,536.42,31.08,2026-04-26 21:46:50
TKR_005425,AST_01031,249.07,64.79,2026-04-09 13:46:50
TKR_005426,AST_01023,254.73,23.69,2026-04-16 23:46:50
TKR_005427,AST_01006,706.8,53.41,2026-04-12 12:46:50
TKR_005428,AST_01021,287.32,19.53,2026-04-22 20:46:50
TKR_005429,AST_01020,364.34,37.88,2026-04-27 06:46:50
TKR_005430,AST_01020,379.34,26.97,2026-04-17 20:46:50
TKR_005431,AST_01024,273.51,75.24,2026-04-16 12:46:50
TKR_005432,AST_01012,864.45,48.51,2026-04-26 05:46:50
TKR_005433,AST_01046,866.44,30.39,2026-04-22 06:46:50
TKR_005434,AST_01044,892.26,19.74,2026-04-10 13:46:50
TKR_005435,AST_01019,293.43,15.18,2026-04-15 04:46:50
TKR_005436,AST_01038,404.1,58.42,2026-04-23 17:46:50
TKR_005437,AST_01034,231.71,66.86,2026-04-09 11:46:50
TKR_005438,AST_01038,393.91,34.85,2026-04-28 03:46:50
TKR_005439,AST_01041,901.66,37.97,2026-04-24 20:46:50
TKR_005440,AST_01048,365.19,16.9,2026-04-18 13:46:50
TKR_005441,AST_01014,134.66,50.27,2026-04-24 17:46:50
TKR_005442,AST_01028,893.36,58.33,2026-04-20 00:46:50
TKR_005443,AST_01009,673.43,39.12,2026-04-19 15:46:50
TKR_005444,AST_01005,584.29,31.83,2026-04-11 23:46:50
TKR_005445,AST_01029,648.88,16.83,2026-05-03 15:46:50
TKR_005446,AST_01046,854.4,66.71,2026-04-30 02:46:50
TKR_005447,AST_01007,196.74,75.09,2026-04-08 20:46:50
TKR_005448,AST_01047,495.17,49.19,2026-04-15 17:46:50
TKR_005449,AST_01029,638.09,54.83,2026-04-15 20:46:50
TKR_005450,AST_01027,285.6,41.47,2026-04-17 19:46:50
TKR_005451,AST_01027,266.97,62.66,2026-04-17 06:46:50
TKR_005452,AST_01004,99.54,32.82,2026-04-23 17:46:50
TKR_005453,AST_01029,660.71,54.74,2026-04-11 15:46:50
TKR_005454,AST_01038,309.96,42.05,2026-04-20 18:46:50
TKR_005455,AST_01011,106.08,51.31,2026-05-04 09:46:50
TKR_005456,AST_01043,163.34,22.81,2026-04-12 07:46:50
TKR_005457,AST_01044,885.55,50.24,2026-04-12 13:46:50
TKR_005458,AST_01027,280.38,55.17,2026-04-13 17:46:50
TKR_005459,AST_01011,98.16,32.02,2026-04-25 09:46:50
TKR_005460,AST_01028,917.25,43.92,2026-04-24 11:46:50
TKR_005461,AST_01012,849.48,44.65,2026-05-04 17:46:50
TKR_005462,AST_01043,166.39,15.79,2026-04-23 14:46:50
TKR_005463,AST_01001,180.51,30.21,2026-05-03 09:46:50
TKR_005464,AST_01049,979.33,48.48,2026-04-23 00:46:50
TKR_005465,AST_01007,239.44,47.94,2026-04-24 00:46:50
TKR_005466,AST_01048,381.93,79.28,2026-04-09 14:46:50
TKR_005467,AST_01006,700.71,71.24,2026-05-02 00:46:50
TKR_005468,AST_01002,738.73,79.58,2026-04-22 02:46:50
TKR_005469,AST_01049,962.35,34.54,2026-05-03 23:46:50
TKR_005470,AST_01045,773.22,64.94,2026-04-27 05:46:50
TKR_005471,AST_01013,811.67,51.78,2026-04-30 11:46:50
TKR_005472,AST_01010,160.47,28.71,2026-04-18 09:46:50
TKR_005473,AST_01032,260.27,62.51,2026-05-06 03:46:50
TKR_005474,AST_01026,853.81,18.88,2026-05-04 08:46:50
TKR_005475,AST_01008,837.99,63.3,2026-04-12 10:46:50
TKR_005476,AST_01043,168.79,53.95,2026-04-20 18:46:50
TKR_005477,AST_01024,265.97,46.09,2026-04-20 00:46:50
TKR_005478,AST_01017,661.64,44.16,2026-04-30 11:46:50
TKR_005479,AST_01037,410.53,78.05,2026-04-08 23:46:50
TKR_005480,AST_01040,703.69,37.84,2026-04-29 02:46:50
TKR_005481,AST_01027,270.19,29.85,2026-05-04 08:46:50
TKR_005482,AST_01035,512.95,72.59,2026-04-23 15:46:50
TKR_005483,AST_01048,390.96,42.17,2026-04-06 20:46:50
TKR_005484,AST_01007,239.47,39.95,2026-05-07 14:46:50
TKR_005485,AST_01044,859.71,71.21,2026-05-04 20:46:50
TKR_005486,AST_01017,636.9,56.52,2026-04-10 08:46:50
TKR_005487,AST_01041,868.71,58.96,2026-04-10 20:46:50
TKR_005488,AST_01014,128.17,24.94,2026-04-21 22:46:50
TKR_005489,AST_01004,104.61,10.65,2026-04-12 16:46:50
TKR_005490,AST_01044,894.11,43.44,2026-04-18 13:46:50
TKR_005491,AST_01014,128.28,35.73,2026-04-17 03:46:50
TKR_005492,AST_01019,289.23,57.4,2026-04-13 00:46:50
TKR_005493,AST_01004,104.3,40.81,2026-04-24 19:46:50
TKR_005494,AST_01046,908.42,53.13,2026-04-14 04:46:50
TKR_005495,AST_01028,846.01,18.62,2026-05-05 03:46:50
TKR_005496,AST_01046,855.64,19.79,2026-04-20 13:46:50
TKR_005497,AST_01017,671.36,60.48,2026-04-25 17:46:50
TKR_005498,AST_01018,886.57,56.09,2026-05-02 00:46:50
TKR_005499,AST_01019,229.53,55.23,2026-04-14 16:46:50
TKR_005500,AST_01015,561.75,46.98,2026-04-23 07:46:50
TKR_005501,AST_01000,124.3,39.46,2026-04-19 04:46:50
TKR_005502,AST_01034,237.45,63.93,2026-04-29 15:46:50
TKR_005503,AST_01001,240.74,76.41,2026-04-23 08:46:50
TKR_005504,AST_01025,687.84,39.08,2026-04-24 22:46:50
TKR_005505,AST_01044,880.39,20.69,2026-04-17 17:46:50
TKR_005506,AST_01005,634.74,20.88,2026-04-14 06:46:50
TKR_005507,AST_01020,383.3,14.63,2026-04-21 00:46:50
TKR_005508,AST_01044,838.31,16.03,2026-04-21 07:46:50
TKR_005509,AST_01027,262.82,56.63,2026-04-11 19:46:50
TKR_005510,AST_01042,353.98,59.1,2026-05-01 00:46:50
TKR_005511,AST_01010,164.2,67.58,2026-04-23 16:46:50
TKR_005512,AST_01016,597.93,28.81,2026-04-13 23:46:50
TKR_005513,AST_01007,223.04,14.47,2026-05-02 10:46:50
TKR_005514,AST_01045,760.92,35.21,2026-04-26 15:46:50
TKR_005515,AST_01031,218.14,72.6,2026-05-05 11:46:50
TKR_005516,AST_01043,166.73,13.08,2026-04-28 23:46:50
TKR_005517,AST_01000,116.01,75.18,2026-04-12 11:46:50
TKR_005518,AST_01002,761.15,39.36,2026-04-25 22:46:50
TKR_005519,AST_01020,388.75,50.01,2026-04-15 23:46:50
TKR_005520,AST_01007,196.88,78.7,2026-04-24 01:46:50
TKR_005521,AST_01025,706.58,31.75,2026-04-10 09:46:50
TKR_005522,AST_01005,587.86,49.47,2026-04-25 11:46:50
TKR_005523,AST_01019,298.65,79.85,2026-05-01 14:46:50
TKR_005524,AST_01049,978.81,27.16,2026-04-14 17:46:50
TKR_005525,AST_01000,121.85,58.54,2026-05-07 07:46:50
TKR_005526,AST_01000,124.42,60.91,2026-05-09 00:46:50
TKR_005527,AST_01006,713.1,77.28,2026-04-14 07:46:50
TKR_005528,AST_01009,730.7,72.81,2026-04-30 01:46:50
TKR_005529,AST_01033,895.11,62.35,2026-04-21 11:46:50
TKR_005530,AST_01037,441.63,15.24,2026-04-11 20:46:50
TKR_005531,AST_01036,157.06,28.27,2026-04-09 04:46:50
TKR_005532,AST_01020,369.94,41.69,2026-05-07 22:46:50
TKR_005533,AST_01014,137.32,50.93,2026-04-10 04:46:50
TKR_005534,AST_01009,688.12,18.45,2026-04-11 14:46:50
TKR_005535,AST_01022,626.39,28.55,2026-05-08 14:46:50
TKR_005536,AST_01007,232.91,52.23,2026-04-10 21:46:50
TKR_005537,AST_01013,775.99,27.38,2026-05-04 04:46:50
TKR_005538,AST_01022,625.78,67.41,2026-04-20 21:46:50
TKR_005539,AST_01011,102.39,48.51,2026-04-08 14:46:50
TKR_005540,AST_01006,691.65,14.32,2026-04-19 04:46:50
TKR_005541,AST_01049,941.77,54.12,2026-04-12 12:46:50
TKR_005542,AST_01041,922.92,15.25,2026-04-10 08:46:50
TKR_005543,AST_01004,105.94,16.44,2026-04-14 14:46:50
TKR_005544,AST_01021,261.98,74.69,2026-04-08 14:46:50
TKR_005545,AST_01027,262.12,57.82,2026-05-04 15:46:50
TKR_005546,AST_01011,99.53,41.22,2026-04-19 05:46:50
TKR_005547,AST_01009,683.34,30.66,2026-04-09 19:46:50
TKR_005548,AST_01026,789.63,36.81,2026-05-06 01:46:50
TKR_005549,AST_01026,802.92,79.59,2026-04-14 16:46:50
TKR_005550,AST_01034,233.53,35.14,2026-04-30 12:46:50
TKR_005551,AST_01034,227.18,37.19,2026-05-03 18:46:50
TKR_005552,AST_01011,97.03,66.75,2026-04-08 07:46:50
TKR_005553,AST_01017,666.61,63.68,2026-04-09 15:46:50
TKR_005554,AST_01014,130.12,47.36,2026-04-10 21:46:50
TKR_005555,AST_01047,516.47,78.79,2026-04-09 07:46:50
TKR_005556,AST_01024,268.27,51.48,2026-04-19 05:46:50
TKR_005557,AST_01047,488.41,59.04,2026-04-30 18:46:50
TKR_005558,AST_01036,166.74,66.73,2026-04-23 06:46:50
TKR_005559,AST_01031,192.62,52.12,2026-04-25 15:46:50
TKR_005560,AST_01001,224.08,19.13,2026-04-24 10:46:50
TKR_005561,AST_01045,730.68,20.34,2026-04-13 10:46:50
TKR_005562,AST_01045,790.82,70.25,2026-05-04 03:46:50
TKR_005563,AST_01004,101.69,17.07,2026-04-19 21:46:50
TKR_005564,AST_01019,283.39,54.75,2026-04-15 05:46:50
TKR_005565,AST_01031,259.08,75.02,2026-04-28 22:46:50
TKR_005566,AST_01022,630.86,61.38,2026-04-15 05:46:50
TKR_005567,AST_01018,895.21,76.41,2026-04-12 00:46:50
TKR_005568,AST_01025,655.61,52.17,2026-05-05 18:46:50
TKR_005569,AST_01039,270.21,19.85,2026-04-15 03:46:50
TKR_005570,AST_01047,495.57,71.97,2026-04-10 10:46:50
TKR_005571,AST_01005,619.89,33.5,2026-05-04 20:46:50
TKR_005572,AST_01000,94.48,17.56,2026-04-16 22:46:50
TKR_005573,AST_01000,116.21,38.98,2026-04-09 23:46:50
TKR_005574,AST_01024,286.37,65.21,2026-04-19 03:46:50
TKR_005575,AST_01036,155.87,15.16,2026-04-28 07:46:50
TKR_005576,AST_01002,776.83,15.19,2026-04-14 08:46:50
TKR_005577,AST_01010,156.95,75.93,2026-05-06 23:46:50
TKR_005578,AST_01005,629.83,59.32,2026-04-18 19:46:50
TKR_005579,AST_01027,285.78,21.0,2026-05-08 19:46:50
TKR_005580,AST_01006,712.34,48.79,2026-04-18 06:46:50
TKR_005581,AST_01046,854.15,16.71,2026-04-25 09:46:50
TKR_005582,AST_01025,663.94,35.26,2026-04-26 15:46:50
TKR_005583,AST_01027,278.5,43.62,2026-04-10 21:46:50
TKR_005584,AST_01006,703.89,15.74,2026-04-08 20:46:50
TKR_005585,AST_01007,231.92,16.38,2026-04-17 15:46:50
TKR_005586,AST_01034,224.16,41.2,2026-04-20 12:46:50
TKR_005587,AST_01016,601.18,49.5,2026-04-22 07:46:50
TKR_005588,AST_01009,672.11,34.07,2026-05-02 03:46:50
TKR_005589,AST_01034,220.94,14.27,2026-04-21 18:46:50
TKR_005590,AST_01024,282.44,75.55,2026-05-04 17:46:50
TKR_005591,AST_01036,154.52,73.19,2026-05-06 09:46:50
TKR_005592,AST_01045,787.3,57.43,2026-04-09 16:46:50
TKR_005593,AST_01039,257.58,76.43,2026-04-10 00:46:50
TKR_005594,AST_01010,156.42,15.49,2026-04-14 04:46:50
TKR_005595,AST_01043,160.71,51.65,2026-04-21 20:46:50
TKR_005596,AST_01020,311.68,48.64,2026-05-07 02:46:50
TKR_005597,AST_01017,683.7,53.61,2026-04-24 00:46:50
TKR_005598,AST_01033,867.35,49.66,2026-05-03 13:46:50
TKR_005599,AST_01037,446.12,49.39,2026-05-02 03:46:50
TKR_005600,AST_01006,746.19,71.45,2026-05-03 17:46:50
TKR_005601,AST_01016,587.92,12.62,2026-04-20 18:46:50
TKR_005602,AST_01017,676.67,38.12,2026-04-17 19:46:50
TKR_005603,AST_01025,669.72,62.2,2026-05-06 22:46:50
TKR_005604,AST_01017,685.75,31.21,2026-05-06 10:46:50
TKR_005605,AST_01017,676.94,78.07,2026-05-04 22:46:50
TKR_005606,AST_01014,132.82,67.81,2026-04-12 23:46:50
TKR_005607,AST_01017,637.35,40.92,2026-05-01 20:46:50
TKR_005608,AST_01026,853.82,67.47,2026-05-01 16:46:50
TKR_005609,AST_01032,275.77,38.24,2026-05-03 09:46:50
TKR_005610,AST_01049,909.02,23.49,2026-05-05 18:46:50
TKR_005611,AST_01012,845.32,74.26,2026-05-01 01:46:50
TKR_005612,AST_01045,764.73,54.48,2026-04-14 14:46:50
TKR_005613,AST_01007,227.01,77.24,2026-04-26 11:46:50
TKR_005614,AST_01030,448.64,72.61,2026-04-26 11:46:50
TKR_005615,AST_01047,488.37,13.48,2026-05-04 09:46:50
TKR_005616,AST_01036,163.69,57.44,2026-05-02 07:46:50
TKR_005617,AST_01017,688.89,77.7,2026-04-28 00:46:50
TKR_005618,AST_01043,169.03,52.08,2026-04-08 04:46:50
TKR_005619,AST_01000,122.74,29.28,2026-04-15 09:46:50
TKR_005620,AST_01024,269.44,31.15,2026-05-05 08:46:50
TKR_005621,AST_01033,863.09,45.81,2026-05-04 18:46:50
TKR_005622,AST_01042,348.9,51.56,2026-05-08 11:46:50
TKR_005623,AST_01018,819.39,79.19,2026-04-17 15:46:50
TKR_005624,AST_01040,694.15,76.65,2026-04-18 08:46:50
TKR_005625,AST_01041,909.46,72.98,2026-04-17 16:46:50
TKR_005626,AST_01038,292.23,44.82,2026-04-20 21:46:50
TKR_005627,AST_01018,847.19,12.47,2026-04-16 12:46:50
TKR_005628,AST_01045,781.66,25.57,2026-04-26 10:46:50
TKR_005629,AST_01034,223.92,31.01,2026-04-28 21:46:50
TKR_005630,AST_01010,158.69,16.83,2026-05-04 17:46:50
TKR_005631,AST_01008,832.67,22.81,2026-05-01 17:46:50
TKR_005632,AST_01043,161.95,25.63,2026-05-06 02:46:50
TKR_005633,AST_01019,287.63,42.46,2026-04-21 10:46:50
TKR_005634,AST_01007,238.38,14.99,2026-04-20 20:46:50
TKR_005635,AST_01012,838.97,30.88,2026-04-21 21:46:50
TKR_005636,AST_01003,585.24,79.1,2026-05-05 04:46:50
TKR_005637,AST_01029,637.82,15.66,2026-04-12 22:46:50
TKR_005638,AST_01021,278.0,10.33,2026-04-28 10:46:50
TKR_005639,AST_01017,669.72,21.09,2026-04-14 05:46:50
TKR_005640,AST_01048,377.65,40.06,2026-04-29 19:46:50
TKR_005641,AST_01027,262.34,23.96,2026-05-08 00:46:50
TKR_005642,AST_01023,253.14,11.25,2026-05-05 10:46:50
TKR_005643,AST_01000,118.35,19.03,2026-04-28 07:46:50
TKR_005644,AST_01024,265.2,13.2,2026-04-24 05:46:50
TKR_005645,AST_01018,858.83,40.36,2026-04-22 19:46:50
TKR_005646,AST_01043,164.24,23.19,2026-04-12 15:46:50
TKR_005647,AST_01025,721.12,24.78,2026-04-08 23:46:50
TKR_005648,AST_01001,234.46,12.62,2026-04-26 03:46:50
TKR_005649,AST_01040,652.63,79.63,2026-04-16 19:46:50
TKR_005650,AST_01042,331.1,18.11,2026-04-11 00:46:50
TKR_005651,AST_01028,875.35,20.72,2026-04-17 08:46:50
TKR_005652,AST_01044,870.15,17.07,2026-04-29 09:46:50
TKR_005653,AST_01033,866.23,68.15,2026-04-16 22:46:50
TKR_005654,AST_01006,703.24,64.93,2026-04-24 03:46:50
TKR_005655,AST_01031,254.75,24.12,2026-04-15 00:46:50
TKR_005656,AST_01045,768.02,73.72,2026-04-21 01:46:50
TKR_005657,AST_01044,833.48,57.01,2026-05-07 07:46:50
TKR_005658,AST_01007,174.06,45.82,2026-05-04 15:46:50
TKR_005659,AST_01046,884.39,41.97,2026-04-28 08:46:50
TKR_005660,AST_01018,883.59,71.19,2026-04-16 03:46:50
TKR_005661,AST_01018,850.42,18.11,2026-04-19 10:46:50
TKR_005662,AST_01048,386.38,21.94,2026-05-03 04:46:50
TKR_005663,AST_01022,623.83,61.31,2026-05-06 19:46:50
TKR_005664,AST_01023,264.03,29.03,2026-05-04 03:46:50
TKR_005665,AST_01024,281.38,65.78,2026-04-30 13:46:50
TKR_005666,AST_01007,236.1,17.26,2026-04-12 01:46:50
TKR_005667,AST_01037,425.29,52.79,2026-04-23 21:46:50
TKR_005668,AST_01049,990.21,60.91,2026-04-19 21:46:50
TKR_005669,AST_01008,842.79,40.85,2026-04-23 03:46:50
TKR_005670,AST_01004,104.86,57.46,2026-04-16 00:46:50
TKR_005671,AST_01049,927.63,76.9,2026-05-01 18:46:50
TKR_005672,AST_01021,277.55,40.3,2026-04-24 22:46:50
TKR_005673,AST_01046,887.18,36.94,2026-04-15 21:46:50
TKR_005674,AST_01035,474.23,75.41,2026-05-06 01:46:50
TKR_005675,AST_01032,280.09,15.24,2026-05-05 15:46:50
TKR_005676,AST_01031,198.54,55.03,2026-04-18 08:46:50
TKR_005677,AST_01025,683.93,50.11,2026-05-04 14:46:50
TKR_005678,AST_01005,582.89,44.82,2026-05-05 10:46:50
TKR_005679,AST_01041,844.82,48.44,2026-04-05 13:46:50
TKR_005680,AST_01005,614.33,72.31,2026-05-03 19:46:50
TKR_005681,AST_01035,521.03,35.43,2026-04-14 14:46:50
TKR_005682,AST_01003,610.49,52.0,2026-05-04 14:46:50
TKR_005683,AST_01045,734.84,63.15,2026-04-29 14:46:50
TKR_005684,AST_01014,139.78,30.44,2026-04-08 20:46:50
TKR_005685,AST_01033,934.51,44.47,2026-04-19 01:46:50
TKR_005686,AST_01045,745.56,23.71,2026-05-01 03:46:50
TKR_005687,AST_01007,234.66,60.18,2026-05-07 06:46:50
TKR_005688,AST_01006,743.12,51.22,2026-05-02 20:46:50
TKR_005689,AST_01049,962.48,45.29,2026-05-06 21:46:50
TKR_005690,AST_01031,252.45,50.96,2026-04-08 01:46:50
TKR_005691,AST_01032,275.29,22.16,2026-05-02 05:46:50
TKR_005692,AST_01008,819.95,32.53,2026-04-11 19:46:50
TKR_005693,AST_01024,284.52,29.15,2026-04-21 22:46:50
TKR_005694,AST_01021,264.38,52.18,2026-04-17 04:46:50
TKR_005695,AST_01047,515.04,31.97,2026-04-24 22:46:50
TKR_005696,AST_01047,497.26,53.69,2026-05-07 06:46:50
TKR_005697,AST_01018,825.29,59.73,2026-04-29 21:46:50
TKR_005698,AST_01011,100.01,18.08,2026-04-24 20:46:50
TKR_005699,AST_01022,666.9,59.71,2026-04-25 18:46:50
TKR_005700,AST_01043,163.01,69.31,2026-05-01 17:46:50
TKR_005701,AST_01000,101.45,23.99,2026-04-21 12:46:50
TKR_005702,AST_01048,387.14,20.25,2026-05-03 09:46:50
TKR_005703,AST_01003,566.78,66.98,2026-04-30 06:46:50
TKR_005704,AST_01006,723.31,25.7,2026-04-27 23:46:50
TKR_005705,AST_01041,911.13,65.92,2026-04-25 16:46:50
TKR_005706,AST_01018,847.13,76.97,2026-04-30 12:46:50
TKR_005707,AST_01043,158.47,27.59,2026-04-18 01:46:50
TKR_005708,AST_01039,267.44,73.8,2026-05-05 14:46:50
TKR_005709,AST_01045,771.1,61.69,2026-05-01 00:46:50
TKR_005710,AST_01012,831.55,22.42,2026-05-02 06:46:50
TKR_005711,AST_01043,170.5,18.35,2026-04-10 05:46:50
TKR_005712,AST_01002,715.76,50.88,2026-04-21 08:46:50
TKR_005713,AST_01016,607.02,12.8,2026-04-08 22:46:50
TKR_005714,AST_01020,382.57,44.34,2026-04-24 20:46:50
TKR_005715,AST_01036,158.37,25.4,2026-04-25 22:46:50
TKR_005716,AST_01011,98.35,48.02,2026-04-21 16:46:50
TKR_005717,AST_01025,699.0,33.17,2026-04-10 06:46:50
TKR_005718,AST_01018,859.37,79.76,2026-04-14 19:46:50
TKR_005719,AST_01048,374.32,26.82,2026-04-25 21:46:50
TKR_005720,AST_01041,926.6,57.78,2026-04-27 07:46:50
TKR_005721,AST_01020,377.99,29.8,2026-04-20 03:46:50
TKR_005722,AST_01033,926.06,41.19,2026-05-04 16:46:50
TKR_005723,AST_01002,729.9,15.76,2026-04-17 06:46:50
TKR_005724,AST_01006,721.59,10.51,2026-04-14 00:46:50
TKR_005725,AST_01004,99.81,57.98,2026-04-15 00:46:50
TKR_005726,AST_01006,746.08,61.9,2026-04-14 22:46:50
TKR_005727,AST_01027,281.85,20.76,2026-04-28 02:46:50
TKR_005728,AST_01029,630.76,22.46,2026-04-30 02:46:50
TKR_005729,AST_01016,605.48,38.53,2026-04-22 07:46:50
TKR_005730,AST_01028,835.2,57.13,2026-04-28 10:46:50
TKR_005731,AST_01034,217.21,62.22,2026-04-08 19:46:50
TKR_005732,AST_01002,775.08,17.43,2026-04-30 11:46:50
TKR_005733,AST_01043,171.0,40.64,2026-04-17 09:46:50
TKR_005734,AST_01025,664.13,25.39,2026-05-04 15:46:50
TKR_005735,AST_01047,502.08,54.38,2026-04-20 17:46:50
TKR_005736,AST_01019,298.23,10.78,2026-04-29 23:46:50
TKR_005737,AST_01035,502.21,37.59,2026-04-09 00:46:50
TKR_005738,AST_01035,510.96,73.25,2026-05-05 06:46:50
TKR_005739,AST_01022,661.08,19.97,2026-04-14 20:46:50
TKR_005740,AST_01011,98.71,22.7,2026-04-15 08:46:50
TKR_005741,AST_01036,168.28,79.6,2026-05-03 00:46:50
TKR_005742,AST_01029,670.19,27.55,2026-04-28 09:46:50
TKR_005743,AST_01012,836.89,56.99,2026-05-01 10:46:50
TKR_005744,AST_01015,546.38,41.55,2026-04-11 02:46:50
TKR_005745,AST_01039,249.9,49.68,2026-04-29 18:46:50
TKR_005746,AST_01020,387.23,59.85,2026-05-08 00:46:50
TKR_005747,AST_01041,853.54,61.31,2026-04-21 11:46:50
TKR_005748,AST_01030,455.23,48.62,2026-04-23 00:46:50
TKR_005749,AST_01011,105.47,19.8,2026-04-28 08:46:50
TKR_005750,AST_01034,217.51,15.28,2026-04-14 20:46:50
TKR_005751,AST_01001,232.8,63.84,2026-05-05 00:46:50
TKR_005752,AST_01013,812.58,79.91,2026-05-04 08:46:50
TKR_005753,AST_01030,459.27,72.4,2026-04-28 11:46:50
TKR_005754,AST_01037,426.43,45.73,2026-05-01 04:46:50
TKR_005755,AST_01025,669.81,77.48,2026-04-19 21:46:50
TKR_005756,AST_01039,249.59,21.15,2026-04-29 16:46:50
TKR_005757,AST_01036,165.12,43.85,2026-05-08 04:46:50
TKR_005758,AST_01022,621.5,28.5,2026-04-09 15:46:50
TKR_005759,AST_01014,139.03,35.29,2026-04-09 16:46:50
TKR_005760,AST_01030,442.9,55.4,2026-05-07 01:46:50
TKR_005761,AST_01006,742.56,68.44,2026-04-30 20:46:50
TKR_005762,AST_01016,574.41,36.5,2026-04-26 05:46:50
TKR_005763,AST_01037,428.65,36.34,2026-04-28 02:46:50
TKR_005764,AST_01014,133.4,43.75,2026-04-24 11:46:50
TKR_005765,AST_01038,377.33,46.02,2026-04-08 04:46:50
TKR_005766,AST_01017,655.49,60.21,2026-04-14 05:46:50
TKR_005767,AST_01007,227.82,43.52,2026-04-29 10:46:50
TKR_005768,AST_01013,770.42,13.02,2026-04-26 13:46:50
TKR_005769,AST_01036,161.51,72.36,2026-04-26 20:46:50
TKR_005770,AST_01009,702.33,38.38,2026-04-09 05:46:50
TKR_005771,AST_01036,164.99,67.49,2026-04-25 23:46:50
TKR_005772,AST_01005,628.26,21.94,2026-04-14 15:46:50
TKR_005773,AST_01026,849.97,22.73,2026-04-24 18:46:50
TKR_005774,AST_01042,353.21,74.56,2026-04-24 23:46:50
TKR_005775,AST_01038,372.62,24.16,2026-04-23 12:46:50
TKR_005776,AST_01032,272.96,22.42,2026-04-29 04:46:50
TKR_005777,AST_01039,258.99,18.23,2026-04-24 17:46:50
TKR_005778,AST_01030,466.08,10.08,2026-04-26 19:46:50
TKR_005779,AST_01049,946.39,71.24,2026-04-29 16:46:50
TKR_005780,AST_01044,902.49,36.69,2026-04-24 15:46:50
TKR_005781,AST_01037,442.37,50.33,2026-05-04 00:46:50
TKR_005782,AST_01027,267.7,70.13,2026-04-13 00:46:50
TKR_005783,AST_01018,836.01,10.38,2026-04-27 13:46:50
TKR_005784,AST_01047,493.0,10.5,2026-04-30 16:46:50
TKR_005785,AST_01041,877.86,17.46,2026-04-14 10:46:50
TKR_005786,AST_01027,284.82,39.65,2026-04-28 08:46:50
TKR_005787,AST_01023,244.88,48.65,2026-04-27 21:46:50
TKR_005788,AST_01035,501.32,27.76,2026-04-23 17:46:50
TKR_005789,AST_01019,274.87,70.47,2026-04-26 22:46:50
TKR_005790,AST_01007,219.12,45.58,2026-05-01 22:46:50
TKR_005791,AST_01021,279.37,13.64,2026-05-03 22:46:50
TKR_005792,AST_01024,286.21,43.02,2026-05-08 02:46:50
TKR_005793,AST_01038,371.51,12.64,2026-04-18 08:46:50
TKR_005794,AST_01024,281.58,30.05,2026-05-07 19:46:50
TKR_005795,AST_01038,385.43,24.12,2026-04-09 05:46:50
TKR_005796,AST_01042,336.18,64.88,2026-05-07 09:46:50
TKR_005797,AST_01032,261.18,12.52,2026-04-24 19:46:50
TKR_005798,AST_01015,438.89,37.96,2026-04-25 05:46:50
TKR_005799,AST_01042,347.39,61.58,2026-04-20 06:46:50
TKR_005800,AST_01004,105.08,49.14,2026-05-04 09:46:50
TKR_005801,AST_01037,416.23,77.41,2026-04-19 08:46:50
TKR_005802,AST_01029,643.14,38.5,2026-05-07 00:46:50
TKR_005803,AST_01006,707.36,18.19,2026-04-22 09:46:50
TKR_005804,AST_01032,278.57,50.24,2026-05-08 17:46:50
TKR_005805,AST_01044,875.65,27.03,2026-04-22 18:46:50
TKR_005806,AST_01021,273.23,51.08,2026-05-08 21:46:50
TKR_005807,AST_01001,237.65,25.43,2026-04-20 02:46:50
TKR_005808,AST_01044,917.04,46.16,2026-04-15 13:46:50
TKR_005809,AST_01000,119.0,62.42,2026-04-30 07:46:50
TKR_005810,AST_01021,273.67,34.75,2026-04-10 05:46:50
TKR_005811,AST_01036,164.26,73.69,2026-04-16 23:46:50
TKR_005812,AST_01031,248.2,26.04,2026-05-01 23:46:50
TKR_005813,AST_01015,535.37,15.49,2026-05-04 04:46:50
TKR_005814,AST_01042,359.15,77.06,2026-04-24 00:46:50
TKR_005815,AST_01030,482.74,71.67,2026-04-19 15:46:50
TKR_005816,AST_01036,169.12,74.12,2026-05-05 05:46:50
TKR_005817,AST_01017,639.94,46.8,2026-04-20 18:46:50
TKR_005818,AST_01027,275.13,37.56,2026-04-23 01:46:50
TKR_005819,AST_01043,169.88,42.2,2026-05-02 03:46:50
TKR_005820,AST_01044,866.51,17.05,2026-04-05 06:46:50
TKR_005821,AST_01023,245.73,42.99,2026-04-27 05:46:50
TKR_005822,AST_01039,256.93,39.34,2026-04-18 15:46:50
TKR_005823,AST_01048,371.79,22.59,2026-04-19 12:46:50
TKR_005824,AST_01008,829.26,66.29,2026-04-26 03:46:50
TKR_005825,AST_01035,480.92,77.14,2026-04-21 06:46:50
TKR_005826,AST_01009,695.66,19.41,2026-04-23 05:46:50
TKR_005827,AST_01040,702.98,31.0,2026-04-24 10:46:50
TKR_005828,AST_01035,478.59,21.43,2026-05-05 12:46:50
TKR_005829,AST_01013,776.4,62.12,2026-05-04 20:46:50
TKR_005830,AST_01016,606.7,28.04,2026-04-19 17:46:50
TKR_005831,AST_01001,224.03,50.31,2026-04-18 21:46:50
TKR_005832,AST_01041,866.86,32.76,2026-04-26 00:46:50
TKR_005833,AST_01032,280.63,36.67,2026-04-23 14:46:50
TKR_005834,AST_01018,888.31,54.84,2026-04-22 04:46:50
TKR_005835,AST_01021,271.7,73.5,2026-04-21 18:46:50
TKR_005836,AST_01005,594.9,30.39,2026-04-13 10:46:50
TKR_005837,AST_01017,690.42,64.67,2026-04-27 08:46:50
TKR_005838,AST_01023,244.38,11.62,2026-05-01 14:46:50
TKR_005839,AST_01046,889.31,15.6,2026-04-15 23:46:50
TKR_005840,AST_01010,171.08,43.12,2026-04-17 02:46:50
TKR_005841,AST_01003,569.81,28.37,2026-04-08 16:46:50
TKR_005842,AST_01009,687.79,27.32,2026-04-10 12:46:50
TKR_005843,AST_01018,859.05,21.94,2026-04-22 04:46:50
TKR_005844,AST_01002,770.33,42.7,2026-04-29 10:46:50
TKR_005845,AST_01034,218.84,76.39,2026-05-07 14:46:50
TKR_005846,AST_01034,230.11,54.51,2026-04-13 14:46:50
TKR_005847,AST_01036,161.85,73.62,2026-04-21 20:46:50
TKR_005848,AST_01030,461.56,35.6,2026-04-25 02:46:50
TKR_005849,AST_01016,582.94,63.08,2026-04-12 00:46:50
TKR_005850,AST_01008,771.45,74.55,2026-04-19 17:46:50
TKR_005851,AST_01048,377.53,30.5,2026-04-24 00:46:50
TKR_005852,AST_01014,129.42,71.75,2026-04-30 11:46:50
TKR_005853,AST_01027,281.58,37.28,2026-04-20 22:46:50
TKR_005854,AST_01024,280.72,46.16,2026-04-15 13:46:50
TKR_005855,AST_01039,253.33,62.0,2026-05-03 08:46:50
TKR_005856,AST_01017,643.54,30.27,2026-04-21 02:46:50
TKR_005857,AST_01040,697.18,44.44,2026-04-22 08:46:50
TKR_005858,AST_01020,333.61,29.75,2026-04-08 17:46:50
TKR_005859,AST_01008,789.66,20.55,2026-04-30 00:46:50
TKR_005860,AST_01031,254.12,36.0,2026-04-14 09:46:50
TKR_005861,AST_01044,907.22,76.62,2026-04-30 02:46:50
TKR_005862,AST_01003,575.66,72.7,2026-04-16 02:46:50
TKR_005863,AST_01016,559.59,63.77,2026-05-04 00:46:50
TKR_005864,AST_01015,584.04,23.94,2026-04-20 14:46:50
TKR_005865,AST_01047,537.3,43.1,2026-04-29 21:46:50
TKR_005866,AST_01043,160.89,60.98,2026-05-08 10:46:50
TKR_005867,AST_01047,499.95,54.7,2026-05-07 03:46:50
TKR_005868,AST_01012,825.06,17.9,2026-04-19 21:46:50
TKR_005869,AST_01040,703.6,50.93,2026-04-21 05:46:50
TKR_005870,AST_01025,693.35,58.35,2026-05-03 01:46:50
TKR_005871,AST_01044,841.08,21.04,2026-04-28 00:46:50
TKR_005872,AST_01005,613.58,14.18,2026-04-30 00:46:50
TKR_005873,AST_01041,852.79,26.29,2026-04-12 03:46:50
TKR_005874,AST_01035,513.81,40.71,2026-05-03 11:46:50
TKR_005875,AST_01012,868.07,27.55,2026-04-08 11:46:50
TKR_005876,AST_01002,728.0,58.79,2026-04-23 17:46:50
TKR_005877,AST_01012,834.05,42.79,2026-04-26 11:46:50
TKR_005878,AST_01038,299.27,30.7,2026-05-07 05:46:50
TKR_005879,AST_01016,597.63,45.42,2026-04-25 00:46:50
TKR_005880,AST_01046,902.92,64.32,2026-04-13 19:46:50
TKR_005881,AST_01015,574.28,23.29,2026-04-18 21:46:50
TKR_005882,AST_01043,168.46,32.58,2026-04-23 04:46:50
TKR_005883,AST_01041,900.02,13.06,2026-04-15 16:46:50
TKR_005884,AST_01008,779.46,23.41,2026-04-13 06:46:50
TKR_005885,AST_01002,755.0,46.81,2026-04-26 12:46:50
TKR_005886,AST_01044,852.59,60.25,2026-04-26 11:46:50
TKR_005887,AST_01000,124.91,15.6,2026-05-07 20:46:50
TKR_005888,AST_01040,713.43,39.12,2026-04-09 23:46:50
TKR_005889,AST_01023,240.77,14.93,2026-05-03 19:46:50
TKR_005890,AST_01019,242.85,47.22,2026-04-10 16:46:50
TKR_005891,AST_01012,854.97,76.33,2026-04-14 07:46:50
TKR_005892,AST_01035,478.91,54.7,2026-05-01 23:46:50
TKR_005893,AST_01022,633.97,17.29,2026-04-29 21:46:50
TKR_005894,AST_01011,103.42,47.37,2026-04-25 10:46:50
TKR_005895,AST_01038,407.07,69.14,2026-04-22 10:46:50
TKR_005896,AST_01026,809.04,26.85,2026-05-02 23:46:50
TKR_005897,AST_01034,236.81,27.79,2026-04-14 17:46:50
TKR_005898,AST_01028,897.46,78.81,2026-04-22 00:46:50
TKR_005899,AST_01038,344.29,25.04,2026-04-08 09:46:50
TKR_005900,AST_01020,392.26,45.79,2026-04-08 22:46:50
TKR_005901,AST_01036,153.85,34.9,2026-05-07 03:46:50
TKR_005902,AST_01008,791.04,27.94,2026-04-16 18:46:50
TKR_005903,AST_01019,291.87,60.65,2026-04-10 18:46:50
TKR_005904,AST_01030,473.68,67.37,2026-04-13 22:46:50
TKR_005905,AST_01006,735.45,50.34,2026-04-27 01:46:50
TKR_005906,AST_01005,595.96,71.59,2026-04-30 00:46:50
TKR_005907,AST_01027,285.23,25.87,2026-04-21 03:46:50
TKR_005908,AST_01041,897.8,54.25,2026-05-05 00:46:50
TKR_005909,AST_01003,573.75,45.17,2026-04-17 10:46:50
TKR_005910,AST_01014,140.22,77.97,2026-04-09 23:46:50
TKR_005911,AST_01048,369.6,30.28,2026-04-27 02:46:50
TKR_005912,AST_01025,686.11,62.17,2026-04-09 02:46:50
TKR_005913,AST_01035,498.67,64.17,2026-04-20 12:46:50
TKR_005914,AST_01008,786.85,37.67,2026-04-29 17:46:50
TKR_005915,AST_01036,161.7,26.96,2026-04-14 23:46:50
TKR_005916,AST_01017,692.84,16.27,2026-05-02 21:46:50
TKR_005917,AST_01042,336.04,34.12,2026-04-21 11:46:50
TKR_005918,AST_01041,929.14,53.14,2026-04-08 05:46:50
TKR_005919,AST_01028,914.83,26.34,2026-04-24 01:46:50
TKR_005920,AST_01043,172.46,17.87,2026-04-19 23:46:50
TKR_005921,AST_01003,613.62,10.96,2026-04-15 04:46:50
TKR_005922,AST_01044,874.56,33.23,2026-04-30 14:46:50
TKR_005923,AST_01047,513.78,28.11,2026-04-25 17:46:50
TKR_005924,AST_01030,473.32,56.78,2026-04-27 04:46:50
TKR_005925,AST_01024,264.59,21.92,2026-04-26 16:46:50
TKR_005926,AST_01018,837.16,42.55,2026-04-14 19:46:50
TKR_005927,AST_01000,125.18,35.22,2026-04-10 08:46:50
TKR_005928,AST_01006,710.7,78.59,2026-04-08 20:46:50
TKR_005929,AST_01032,269.7,51.8,2026-04-27 10:46:50
TKR_005930,AST_01005,609.68,59.87,2026-04-13 14:46:50
TKR_005931,AST_01002,730.89,37.54,2026-04-15 09:46:50
TKR_005932,AST_01010,161.55,31.16,2026-04-08 11:46:50
TKR_005933,AST_01032,263.56,37.1,2026-04-16 20:46:50
TKR_005934,AST_01001,227.33,37.5,2026-05-08 08:46:50
TKR_005935,AST_01008,848.71,52.87,2026-04-10 16:46:50
TKR_005936,AST_01040,688.46,39.85,2026-04-29 07:46:50
TKR_005937,AST_01019,276.83,19.7,2026-05-07 14:46:50
TKR_005938,AST_01034,222.79,59.36,2026-04-29 04:46:50
TKR_005939,AST_01033,866.94,75.31,2026-05-05 00:46:50
TKR_005940,AST_01010,171.27,18.29,2026-04-15 17:46:50
TKR_005941,AST_01020,299.16,78.1,2026-05-04 23:46:50
TKR_005942,AST_01026,859.26,29.17,2026-04-17 20:46:50
TKR_005943,AST_01049,908.76,79.02,2026-04-11 05:46:50
TKR_005944,AST_01039,251.93,26.25,2026-04-16 19:46:50
TKR_005945,AST_01043,171.24,19.39,2026-04-08 22:46:50
TKR_005946,AST_01038,311.89,43.17,2026-04-23 11:46:50
TKR_005947,AST_01010,168.26,11.05,2026-04-14 13:46:50
TKR_005948,AST_01017,676.04,24.2,2026-05-08 23:46:50
TKR_005949,AST_01013,838.76,44.3,2026-04-10 14:46:50
TKR_005950,AST_01020,386.88,52.56,2026-05-05 07:46:50
TKR_005951,AST_01024,289.43,50.04,2026-05-01 19:46:50
TKR_005952,AST_01034,233.65,46.45,2026-04-24 22:46:50
TKR_005953,AST_01028,910.75,27.2,2026-04-22 01:46:50
TKR_005954,AST_01034,228.44,46.13,2026-04-20 01:46:50
TKR_005955,AST_01040,679.35,71.91,2026-05-05 09:46:50
TKR_005956,AST_01049,946.56,52.92,2026-05-04 05:46:50
TKR_005957,AST_01003,603.28,16.33,2026-04-30 04:46:50
TKR_005958,AST_01032,281.94,58.73,2026-04-11 18:46:50
TKR_005959,AST_01008,772.79,41.76,2026-04-20 14:46:50
TKR_005960,AST_01045,733.02,32.69,2026-05-06 14:46:50
TKR_005961,AST_01041,905.29,18.65,2026-05-07 05:46:50
TKR_005962,AST_01007,193.78,60.88,2026-04-30 11:46:50
TKR_005963,AST_01032,271.47,13.07,2026-04-27 12:46:50
TKR_005964,AST_01010,169.86,21.35,2026-05-07 21:46:50
TKR_005965,AST_01009,695.52,31.67,2026-04-13 01:46:50
TKR_005966,AST_01049,923.5,72.9,2026-05-08 20:46:50
TKR_005967,AST_01012,807.61,44.83,2026-04-08 08:46:50
TKR_005968,AST_01031,247.5,51.22,2026-04-25 19:46:50
TKR_005969,AST_01030,468.96,10.46,2026-04-22 02:46:50
TKR_005970,AST_01035,514.54,24.53,2026-04-16 17:46:50
TKR_005971,AST_01011,97.1,69.77,2026-04-09 11:46:50
TKR_005972,AST_01042,340.91,16.14,2026-04-26 09:46:50
TKR_005973,AST_01006,731.23,52.78,2026-04-21 05:46:50
TKR_005974,AST_01044,848.8,41.87,2026-04-30 17:46:50
TKR_005975,AST_01037,439.43,32.6,2026-04-19 02:46:50
TKR_005976,AST_01024,286.77,14.54,2026-05-01 13:46:50
TKR_005977,AST_01030,456.33,38.96,2026-04-09 08:46:50
TKR_005978,AST_01013,777.45,61.08,2026-04-30 01:46:50
TKR_005979,AST_01040,698.8,52.33,2026-04-24 15:46:50
TKR_005980,AST_01045,745.97,50.26,2026-04-17 10:46:50
TKR_005981,AST_01039,260.52,46.38,2026-04-19 19:46:50
TKR_005982,AST_01040,709.7,26.29,2026-04-23 05:46:50
TKR_005983,AST_01018,853.75,65.77,2026-04-11 00:46:50
TKR_005984,AST_01047,538.17,38.98,2026-05-05 19:46:50
TKR_005985,AST_01021,266.42,54.84,2026-04-19 20:46:50
TKR_005986,AST_01044,860.23,45.47,2026-04-17 02:46:50
TKR_005987,AST_01020,372.57,49.82,2026-04-29 21:46:50
TKR_005988,AST_01001,240.73,43.54,2026-05-04 10:46:50
TKR_005989,AST_01030,463.4,53.9,2026-04-30 04:46:50
TKR_005990,AST_01034,236.85,13.92,2026-05-06 13:46:50
TKR_005991,AST_01033,882.26,47.51,2026-04-17 21:46:50
TKR_005992,AST_01013,773.96,20.45,2026-04-26 11:46:50
TKR_005993,AST_01001,223.26,52.4,2026-04-18 20:46:50
TKR_005994,AST_01011,99.87,70.05,2026-04-25 00:46:50
TKR_005995,AST_01045,764.11,26.63,2026-04-09 02:46:50
TKR_005996,AST_01028,879.8,22.25,2026-05-04 06:46:50
TKR_005997,AST_01023,250.94,11.75,2026-04-30 06:46:50
TKR_005998,AST_01030,456.84,43.84,2026-05-06 06:46:50
TKR_005999,AST_01033,923.06,16.88,2026-04-17 04:46:50
